Start Date,End Date,Portfolio name,Currency,Campaign Name,Ad Group Name,Targeting,Match Type,Customer Search Term,Impressions,Clicks,Click-Thru Rate (CTR),Cost Per Click (CPC),Spend,7 Day Total Sales ,Total Advertising Cost of Sales (ACoS) ,Total Return on Advertising Spend (RoAS),7 Day Total Orders (#),7 Day Total Units (#),7 Day Conversion Rate
01/09/2026,30/09/2026,Oakline Home,GBP,SP | Bamboo Board | Auto,Auto - All,close-match,-,bamboo cutting board,9031,42,0.47%,£0.63,£26.46,£209.93,12.60%,7.93,6,7,14.29%
01/09/2026,30/09/2026,Oakline Home,GBP,SP | Bamboo Board | Auto,Auto - All,close-match,-,large chopping board wood,4390,31,0.71%,£0.53,£16.43,£149.95,10.96%,9.13,4,5,12.90%
01/09/2026,30/09/2026,Oakline Home,GBP,SP | Bamboo Board | Auto,Auto - All,close-match,-,cutting board set of 3,4881,27,0.55%,£0.62,£16.74,£149.95,11.16%,8.96,4,5,14.81%
01/09/2026,30/09/2026,Oakline Home,GBP,SP | Bamboo Board | Auto,Auto - All,close-match,-,cheese board,3647,22,0.60%,£0.44,£9.68,£0.00,,0.00,0,0,0.00%
01/09/2026,30/09/2026,Oakline Home,GBP,SP | Bamboo Board | Auto,Auto - All,close-match,-,b08kq7xz2m,2174,15,0.69%,£0.66,£9.90,£0.00,,0.00,0,0,0.00%
01/09/2026,30/09/2026,Oakline Home,GBP,SP | Bamboo Board | Auto,Auto - All,close-match,-,cutting board for dogs,1683,11,0.65%,£0.44,£4.84,£0.00,,0.00,0,0,0.00%
01/09/2026,30/09/2026,Oakline Home,GBP,SP | Bamboo Board | Auto,Auto - All,loose-match,-,kitchen gifts for mum,3318,26,0.78%,£0.54,£14.04,£29.99,46.82%,2.14,1,1,3.85%
01/09/2026,30/09/2026,Oakline Home,GBP,SP | Bamboo Board | Auto,Auto - All,loose-match,-,plastic chopping board dishwasher safe,4576,18,0.39%,£0.40,£7.20,£0.00,,0.00,0,0,0.00%
01/09/2026,30/09/2026,Oakline Home,GBP,SP | Bamboo Board | Auto,Auto - All,loose-match,-,wooden serving tray,2530,9,0.36%,£0.45,£4.05,£0.00,,0.00,0,0,0.00%
01/09/2026,30/09/2026,Oakline Home,GBP,SP | Bamboo Board | Auto,Auto - All,loose-match,-,butcher block oil,2114,14,0.66%,£0.34,£4.76,£0.00,,0.00,0,0,0.00%
01/09/2026,30/09/2026,Oakline Home,GBP,SP | Bamboo Board | Auto,Auto - All,substitutes,-,b09xyl4r1c,3055,19,0.62%,£0.87,£16.53,£59.98,27.56%,3.63,2,2,10.53%
01/09/2026,30/09/2026,Oakline Home,GBP,SP | Bamboo Board | Auto,Auto - All,substitutes,-,b07nrt6m8d,1901,12,0.63%,£0.95,£11.40,£0.00,,0.00,0,0,0.00%
01/09/2026,30/09/2026,Oakline Home,GBP,SP | Bamboo Board | Broad,Broad - Core,bamboo chopping board,BROAD,bamboo chopping board,6731,55,0.82%,£0.78,£42.90,£269.91,15.89%,6.29,8,9,14.55%
01/09/2026,30/09/2026,Oakline Home,GBP,SP | Bamboo Board | Broad,Broad - Core,bamboo chopping board,BROAD,bamboo chopping board with juice groove,7328,24,0.33%,£0.70,£16.80,£179.94,9.34%,10.71,5,6,20.83%
01/09/2026,30/09/2026,Oakline Home,GBP,SP | Bamboo Board | Broad,Broad - Core,bamboo chopping board,BROAD,chopping board,10923,38,0.35%,£0.88,£33.44,£59.98,55.75%,1.79,2,2,5.26%
01/09/2026,30/09/2026,Oakline Home,GBP,SP | Bamboo Board | Broad,Broad - Core,bamboo chopping board,BROAD,marble chopping board,2785,13,0.47%,£0.78,£10.14,£0.00,,0.00,0,0,0.00%
01/09/2026,30/09/2026,Oakline Home,GBP,SP | Bamboo Board | Broad,Broad - Core,bamboo chopping board,BROAD,glass chopping board,1723,9,0.52%,£0.79,£7.11,£0.00,,0.00,0,0,0.00%
01/09/2026,30/09/2026,Oakline Home,GBP,SP | Bamboo Board | Broad,Broad - Core,bamboo chopping board,BROAD,bamboo steamer,696,6,0.86%,£0.62,£3.72,£0.00,,0.00,0,0,0.00%
01/09/2026,30/09/2026,Oakline Home,GBP,SP | Bamboo Board | Broad,Broad - Core,wooden cutting board,BROAD,wooden cutting board,8443,34,0.40%,£0.90,£30.60,£89.97,34.01%,2.94,3,3,8.82%
01/09/2026,30/09/2026,Oakline Home,GBP,SP | Bamboo Board | Broad,Broad - Core,wooden cutting board,BROAD,extra large wooden cutting board,3979,21,0.53%,£0.88,£18.48,£149.95,12.32%,8.11,4,5,19.05%
01/09/2026,30/09/2026,Oakline Home,GBP,SP | Bamboo Board | Broad,Broad - Core,wooden cutting board,BROAD,olive wood cutting board,2680,17,0.63%,£1.05,£17.85,£0.00,,0.00,0,0,0.00%
01/09/2026,30/09/2026,Oakline Home,GBP,SP | Bamboo Board | Broad,Broad - Core,wooden cutting board,BROAD,wooden cutting board personalised,1567,12,0.77%,£0.93,£11.16,£0.00,,0.00,0,0,0.00%
01/09/2026,30/09/2026,Oakline Home,GBP,SP | Bamboo Board | Exact,Exact - Hero,bamboo cutting board,EXACT,bamboo cutting board,19620,96,0.49%,£0.91,£87.36,£389.87,22.41%,4.46,12,13,12.50%
01/09/2026,30/09/2026,Oakline Home,GBP,SP | Bamboo Board | Exact,Exact - Hero,chopping board set,EXACT,chopping board set,5544,48,0.87%,£1.08,£51.84,£89.97,57.62%,1.74,3,3,6.25%
01/09/2026,30/09/2026,Oakline Home,GBP,SP | Bamboo Board | Exact,Exact - Hero,cutting board,EXACT,cutting board,9231,64,0.69%,£1.31,£83.84,£59.98,139.78%,0.72,2,2,3.12%
01/09/2026,30/09/2026,Oakline Home,GBP,SP | Bamboo Board | Product Targeting,Competitor ASINs,"asin=""B09XYL4R1C""",-,b09xyl4r1c,4866,28,0.58%,£0.78,£21.84,£149.95,14.56%,6.87,4,5,14.29%
01/09/2026,30/09/2026,Oakline Home,GBP,SP | Bamboo Board | Product Targeting,Competitor ASINs,"asin=""B07NRT6M8D""",-,b07nrt6m8d,3611,23,0.64%,£0.83,£19.09,£0.00,,0.00,0,0,0.00%
01/09/2026,30/09/2026,Oakline Home,GBP,SP | Knife Block | Phrase,Phrase - Core,knife block,PHRASE,knife block with knives,4650,39,0.84%,£1.01,£39.39,£134.97,29.18%,3.43,3,3,7.69%
01/09/2026,30/09/2026,Oakline Home,GBP,SP | Knife Block | Phrase,Phrase - Core,knife block,PHRASE,magnetic knife block,2448,22,0.90%,£0.92,£20.24,£224.95,9.00%,11.11,4,5,18.18%
01/09/2026,30/09/2026,Oakline Home,GBP,SP | Knife Block | Phrase,Phrase - Core,knife block,PHRASE,knife block without knives,4569,15,0.33%,£0.88,£13.20,£0.00,,0.00,0,0,0.00%
01/09/2026,30/09/2026,Oakline Home,GBP,SP | Knife Block | Phrase,Phrase - Core,knife block,PHRASE,universal knife block,2321,18,0.78%,£0.84,£15.12,£134.97,11.20%,8.93,3,3,16.67%
01/09/2026,30/09/2026,Oakline Home,GBP,SP | Knife Block | Phrase,Phrase - Core,knife block,PHRASE,knife block set,4915,26,0.53%,£1.09,£28.34,£44.99,62.99%,1.59,1,1,3.85%
