Campaign,Ad Group,Targeting,Match Type,Clicks,Orders,Spend,ACoS,Current CPC,Suggested Bid,Change,Reason
SP | Knife Block | Phrase,Phrase - Core,knife block,PHRASE,120,11,116.29,21.5%,0.97,1.26,+29.9%,"ACoS 22% well below target, room to scale"
SP | Bamboo Board | Broad,Broad - Core,bamboo chopping board,BROAD,145,15,114.11,22.4%,0.79,1.03,+30.4%,"ACoS 22% well below target, room to scale"
SP | Bamboo Board | Exact,Exact - Hero,bamboo cutting board,EXACT,96,12,87.36,22.4%,0.91,1.18,+29.7%,"ACoS 22% well below target, room to scale"
SP | Bamboo Board | Auto,Auto - All,close-match,-,148,14,84.05,16.5%,0.57,0.74,+29.8%,"ACoS 16% well below target, room to scale"
SP | Bamboo Board | Exact,Exact - Hero,cutting board,EXACT,64,2,83.84,139.8%,1.31,0.92,-29.8%,ACoS 140% above 30% target
SP | Bamboo Board | Exact,Exact - Hero,chopping board set,EXACT,48,3,51.84,57.6%,1.08,0.76,-29.6%,ACoS 58% above 30% target
SP | Bamboo Board | Auto,Auto - All,loose-match,-,67,1,30.05,100.2%,0.45,0.32,-28.9%,ACoS 100% above 30% target
SP | Bamboo Board | Auto,Auto - All,substitutes,-,31,2,27.93,46.6%,0.90,0.63,-30.0%,ACoS 47% above 30% target
SP | Bamboo Board | Product Targeting,Competitor ASINs,"asin=""B09XYL4R1C""",-,28,4,21.84,14.6%,0.78,1.01,+29.5%,"ACoS 15% well below target, room to scale"
SP | Bamboo Board | Product Targeting,Competitor ASINs,"asin=""B07NRT6M8D""",-,23,0,19.09,–,0.83,0.58,-30.1%,No orders after 23 clicks
