Campaign,Ad Group,Search Term,Suggested Negative Type,Clicks,Spend,Reason
SP | Bamboo Board | Broad,Broad - Core,olive wood cutting board,Negative exact,17,17.85,Click threshold reached with no orders
SP | Knife Block | Phrase,Phrase - Core,knife block without knives,Negative exact,15,13.20,Click threshold reached with no orders
SP | Bamboo Board | Auto,Auto - All,b07nrt6m8d,Negative product target,12,11.40,Click threshold reached with no orders
SP | Bamboo Board | Broad,Broad - Core,wooden cutting board personalised,Negative exact,12,11.16,Click threshold reached with no orders
SP | Bamboo Board | Broad,Broad - Core,marble chopping board,Negative exact,13,10.14,Click threshold reached with no orders
SP | Bamboo Board | Auto,Auto - All,b08kq7xz2m,Negative product target,15,9.90,Click threshold reached with no orders
SP | Bamboo Board | Auto,Auto - All,cheese board,Negative exact,22,9.68,Click threshold reached with no orders
SP | Bamboo Board | Auto,Auto - All,plastic chopping board dishwasher safe,Negative exact,18,7.20,Click threshold reached with no orders
SP | Bamboo Board | Auto,Auto - All,cutting board for dogs,Negative exact,11,4.84,Click threshold reached with no orders
SP | Bamboo Board | Auto,Auto - All,butcher block oil,Negative exact,14,4.76,Click threshold reached with no orders
